{
  "integrations": [
    {
      "id": "d0b40e9a-dc4b-4620-93ec-03e96f5cabf8",
      "name": "confCall",
      "action": "CREATE_EVENT",
      "type": "INBOUND_WEBHOOK",
      "deployed": true,
      "form": "5434c931-5560-4950-9851-8970831d48ea",
      "script": "console.log(\"Request Parameters:\" + JSON.stringify(request.parameters));\n\n// Capture incoming webhook properties from the request parameters\ntrigger.properties = request.parameters;\n\n// Identify requested recipients\nvar targets = request.parameters.text.split(',');\n\nvar unknown = [];\ntrigger.recipients = [];\n\n\ntrigger.conferences = [{\"name\": null }]\n\n// Verify recipients exist\nfor (var i = 0; i < targets.length; i++) {\n\n    // Prepare the HTTP request\n    var req = http.request({\n        'endpoint': 'xMatters',\n        'method': 'GET',\n        'path': 'api/xm/1/groups/' + targets[i]\n    });\n\n    // Send the request \n    var response = req.write();\n\n    // Determine if the requested targets exist in xMatters or are unknown\n\n    if (response.statusCode === 200) {\n        trigger.recipients.push({\"targetName\": targets[i]});\n    }\n    else if (response.statusCode === 404) {\n        unknown.push(targets[i]);\n    }\n\n}\n\n// Create xMatters event\nform.post(trigger);\n\n// Post to Slack if any targeted recipients are unknown\n// if (unknown.length > 0) {\n\n//   var slackWebHookURL = request.parameters.response_url;\n//   var slackPath = slackWebHookURL.substring(slackWebHookURL.indexOf(\".com\") + 4);\n//   var payload = {};\n  \n//   payload.channel = '#' + request.parameters.channel_name;\n//   payload.text = 'These groups do not exist in xMatters and cannot be notified: ' + unknown;\n  \n//   var postData = 'payload=' + encodeURI(JSON.stringify(payload));\n  \n//   var req = http.request({\n//       method: 'POST',\n//       endpoint: 'Slack',\n//       path: slackPath,\n//       headers: {\n//           'Content-Type': 'application/json',\n//       }\n//   });\n  \n//   req.write(payload);\n// }",
      "environment": "HOSTED"
    },
    {
      "id": "b165d3aa-8050-46a1-bed9-0d076a90ddd1",
      "name": "Delivery updates - Engage in Incident",
      "action": "RUN_SCRIPT",
      "type": "OUTBOUND_WEBHOOK",
      "triggeredBy": "DELIVERYSTATUS",
      "deployed": true,
      "form": "aefada1c-67c9-4008-b9e6-cbbd76fa8d8b",
      "script": "// Capture callbacks\nvar callback = JSON.parse(request.body);\n\n// Convert list of event properties to an eventProperties object\nif (callback.eventProperties.constructor === Array) {\n        var eventProperties = callback.eventProperties;\n        callback.eventProperties = {};\n\n        for (var i = 0; i < eventProperties.length; i++) {\n            var eventProperty = eventProperties[i];\n            var key = Object.keys(eventProperty)[0];\n            callback.eventProperties[key] = eventProperty[key];\n        }\n\n    }\n\n// var slackWebHookURL = callback.eventProperties.response_url;\n// if (slackWebHookURL === null) {\n//     console.log(\"Make sure property response_url is included in callbacks\");\n//     return;\n// }\n// var slackPath  = slackWebHookURL.substring(slackWebHookURL.indexOf(\".com\") + 4);\n\nvar payload = {};\n\n// payload.channel = '#' + callback.eventProperties.channel_name;\npayload.text    = 'xM Event \"' + callback.eventIdentifier + '\": ' + callback.deliveryStatus + ' to ' + callback.recipient + \"'s \" + callback.device + ' at ' + callback.date;\n\nvar postData =  payload ;\n\nvar req = http.request({\n    method: 'POST',\n    endpoint:'MSTeams',\n    path: \"/api/response\", \n    headers: {\n        'Content-Type': 'application/json',\n    }\n});\n\nreq.write(payload);\n",
      "environment": "HOSTED"
    },
    {
      "id": "21060e41-0875-4ddc-bc47-52818ee8093f",
      "name": "Delivery updates - Invite to Channel",
      "action": "RUN_SCRIPT",
      "type": "OUTBOUND_WEBHOOK",
      "triggeredBy": "DELIVERYSTATUS",
      "deployed": true,
      "form": "71aa1a6b-9803-41ad-933b-4fe616b71a9d",
      "script": "// Capture callbacks\nvar callback = JSON.parse(request.body);\n\n// Convert list of event properties to an eventProperties object\nif (callback.eventProperties.constructor === Array) {\n        var eventProperties = callback.eventProperties;\n        callback.eventProperties = {};\n\n        for (var i = 0; i < eventProperties.length; i++) {\n            var eventProperty = eventProperties[i];\n            var key = Object.keys(eventProperty)[0];\n            callback.eventProperties[key] = eventProperty[key];\n        }\n\n    }\n\n// var slackWebHookURL = callback.eventProperties.response_url;\n// if (slackWebHookURL === null) {\n//     console.log(\"Make sure property response_url is included in callbacks\");\n//     return;\n// }\n// var slackPath  = slackWebHookURL.substring(slackWebHookURL.indexOf(\".com\") + 4);\n\nvar payload = {};\n\n// payload.channel = '#' + callback.eventProperties.channel_name;\npayload.text    = 'xM Event \"' + callback.eventIdentifier + '\": ' + callback.deliveryStatus + ' to ' + callback.recipient + \"'s \" + callback.device + ' at ' + callback.date;\n\nvar postData =  payload ;\n\nvar req = http.request({\n    method: 'POST',\n    endpoint:'MSTeams',\n    path: \"/api/response\", \n    headers: {\n        'Content-Type': 'application/json',\n    }\n});\n\nreq.write(payload);\n",
      "environment": "HOSTED"
    },
    {
      "id": "9faf6e6c-f859-4481-89e7-2e1bae2229f4",
      "name": "Delivery updates - Invite to Conference",
      "action": "RUN_SCRIPT",
      "type": "OUTBOUND_WEBHOOK",
      "triggeredBy": "DELIVERYSTATUS",
      "deployed": true,
      "form": "5434c931-5560-4950-9851-8970831d48ea",
      "script": "// Capture callbacks\nvar callback = JSON.parse(request.body);\n\n// Convert list of event properties to an eventProperties object\nif (callback.eventProperties.constructor === Array) {\n        var eventProperties = callback.eventProperties;\n        callback.eventProperties = {};\n\n        for (var i = 0; i < eventProperties.length; i++) {\n            var eventProperty = eventProperties[i];\n            var key = Object.keys(eventProperty)[0];\n            callback.eventProperties[key] = eventProperty[key];\n        }\n\n    }\n\nvar slackWebHookURL = callback.eventProperties.response_url;\nif (slackWebHookURL === null) {\n    console.log(\"Make sure property response_url is included in callbacks\");\n    return;\n}\nvar slackPath  = slackWebHookURL.substring(slackWebHookURL.indexOf(\".com\") + 4);\n\nvar payload = {};\n\npayload.channel = '#' + callback.eventProperties.channel_name;\npayload.text    = 'xM Event \"' + callback.eventIdentifier + '\": ' + callback.deliveryStatus + ' to ' + callback.recipient + \"'s \" + callback.device + ' at ' + callback.date;\n\nvar postData = 'payload=' + encodeURI( JSON.stringify( payload ) );\n\nvar req = http.request({\n    method: 'POST',\n    endpoint:'Slack',\n    path: slackPath, \n    headers: {\n        'Content-Type': 'application/json',\n    }\n});\n\nreq.write(payload);\n",
      "environment": "HOSTED"
    },
    {
      "id": "ada2c94e-05f4-4196-8fde-e55192f411ea",
      "name": "Engage incident",
      "action": "CREATE_EVENT",
      "type": "INBOUND_WEBHOOK",
      "deployed": true,
      "form": "aefada1c-67c9-4008-b9e6-cbbd76fa8d8b",
      "script": "/******************************************************************************\n * Inbound integrations - create an xMatters event\n *\n * Inbound integrations enable you to configure and initiate an xMatters event\n * from any system that can send a webhook.\n *\n * The following event properties can be configured from this script:\n * - recipients\n * - form properties\n * - event priority\n * - conference bridge settings\n * - responses (choose a subset of existing responses)\n *\n * Each inbound integration is authenticated independently, which enables you\n * to initiate an event without storing the login credentials of your xMatters\n * account.\n *\n * To run an inbound integration script, send a POST request to the\n * inbound integration URL and include data in the request body that the script\n * can use to populate the form. The script can access the request data from\n * the script's built-in request object.\n *\n * The following sample code shows how to read the request's payload and use it\n * to populate a form and initiate an event. You can use it as a template and\n * modify it to work with your integration.\n ******************************************************************************/\n\n/**\n * Parse incoming data\n *\n * Typically, data is passed into an inbound integration as XML or JSON in the request\n * body, but you can represent the data in another format or include it as a query\n * parameter.\n *\n * The script's built-in request object enables you to access the elements of the\n * request, including the payload contained in the request body and any URL\n * parameters. The following code snippets show how to retrieve these values.\n * Choose the option that matches how your system includes data in the request to\n * the inbound integration URL.\n */\nvar payload = JSON.parse(request.body);  //Use this if the payload is a JSON object in the request body\n//var payload = JXON.parse(request.body);  //Use this if the payload is XML in the request body\n//var payload = request.parameters;        //Use this if the payload is in a query parameter\n\nconsole.log(JSON.stringify(payload,null,2));\n/**\n * Customize the event\n *\n * The trigger object is a built-in object that you can use to populate an xMatters form\n * when you initiate an event.\n *\n * The following code snippets show how to populate the trigger object with recipients,\n * form properties, the event priority, response choices, and conference bridge settings.\n *\n * To trigger the event, make a call to form.post(trigger) with the populated trigger\n * object. If you call form.post(trigger) without populating the trigger object, the event\n * is initiated with the form's default settings.\n */\n\n// {\n//   \"utterance\": \"Engage lpritchard Critical Incident with Medium Priority\",\n//   \"endpoint\": \"engage\",\n//   \"engageMethod\": null,\n//   \"engageType\": \"critical incident\",\n//   \"target\": \"lpritchard\",\n//   \"engagePriority\": \"medium\"\n// }\n// \"recipientType\":\n\n\n\n/** Configure recipients **/\nvar recipients = [];\nif(payload.recipientType === \"directly\"){\n    recipients.push({'id': payload.target, 'recipientType' : 'PERSON'});  //Syntax to add a user\n}else{\n    recipients.push({'id': payload.target, 'recipientType' : 'GROUP'});  //Syntax to add a group\n}\n\ntrigger.recipients = recipients;\ntrigger.properties.Priority = payload.engagePriority;\n\n\n//recipients.push({'id': 'mmcbride', 'recipientType' : 'PERSON'});  //Syntax to add a user\n//recipients.push({'id': 'Oracle Administrators', 'recipientType' : 'GROUP'}); //Syntax to add a group\n//recipients.push({'id': 'First Aid Attendants', 'recipientType' : 'DYNAMIC_TEAM'}); //Syntax to add a dynamic team\n//recipients.push({'id': 'bsmith|Work Email', 'recipientType' : 'DEVICE'); //Syntax to add devices\n//recipients.push({'id': 'Corporate Executives', 'recipientType' : 'GROUP', 'responseCountThreshold' : 3); //Syntax to add a group or dynamic team with response counts.\n//trigger.recipients = recipients;\n\n\n\n/** Customize form properties **/\n//trigger.properties.myTextProperty = 'Oracle Database is down';\n//trigger.properties.myComboBoxProperty = 'AJAX';\n//trigger.properties.myNumberProperty = 468;\n//trigger.properties.myBooleanProperty = true;\n//trigger.properties.myListProperty = ['Stored Procedures', 'Web Services'];\n//var hierarchyProperty = [];\n//hierarchyProperty.push({\"category\" : \"Country\", \"value\" : \"USA\"});\n//hierarchyProperty.push({\"category\" : \"State\", \"value\" : \"California\"});\n//hierarchyProperty.push({\"category\" : \"City\", \"value\" : \"Los Angeles\"});\n//trigger.properties.myHierarchyProperty = hierarchyProperty;\n\n/** Set the event priority and handling section options**/\n//trigger.priority = 'HIGH';  //Valid values include: 'HIGH', 'MEDIUM', 'LOW'\n//trigger.expirationInMinutes = 120;\n//trigger.bypassPhoneIntro = false;\n//trigger.escalationOverride = false;\n//trigger.overrideDeviceRestrictions = true;\n//trigger.requirePhonePassword = true;\n//var voicemailOptions = {};\n//voicemailOptions.every = 5;\n//voicemailOptions.leave = \"callbackonly\";\n//voicemailOptions.retry = 3;\n//trigger.voicemailOptions = voicemailOptions;\n\n/**\n * Set conference bridge settings\n * The form must be configured to use a conference bridge for these settings to take effect.\n */\n//Syntax for joining new xMatters-hosted bridge\n//conference.type = \"BRIDGE\";\n\n//Syntax for joining in-progress xMatters-hosted bridge\n//conference.bridgeId = \"3882920\";\n//conference.type = \"BRIDGE\";\n\n//Syntax for connecting to an external conference with a static bridge number\n//var conference = {};\n//conference.bridgeId = \"Webex\";\n//conference.type = \"EXTERNAL\";\n//trigger.conference = conference;\n\n//Syntax for connecting to an external conference with a dynamic bridge number\n//var conference = {};\n//conference.bridgeId = \"Webex\";\n//conference.bridgeNumber = \"33922229\"\n//conference.type = \"EXTERNAL\";\n//trigger.conference = conference;\n\n/**\n * Select the response choices to display in notifications\n * Response choices are identified by their unique identifier, which is available in the user interface.\n * You can display existing response options, modify existing response options, or create\n * new response options.\n */\n//var responseOptions = [];\n\n//Syntax to select an existing response option\n//responseOptions.push({\"id\" : \"fee39ecf-75a7-45eb-9e63-ffc441499c4f\"});\n\n//Syntax to select an existing response option and modify part of it\n//responseOptions.push({\"id\" : \"085d4bea-9dfb-4d2b-8136-22e19b1baaf6\",\n//  \"joinConference\" : false,\n//  \"redirectUrl\" : \"https://jira.example.com/view/INCD-2933\"});\n\n//Syntax to create a new response option\n//responseOptions.push({\"number\": 3,\n//  \"text\": \"Reject\",\n//  \"description\": \"I cannot help\",\n//  \"prompt\": \"Reject\",\n//  \"action\": \"COUNT_RESPONSE\",\n//  \"contribution\": \"NEGATIVE\",\n//  \"redirectUrl\": \"https://www.example.com\",\n//  \"joinConference\": false});\n//trigger.responseOptions = responseOptions;\n\n\n/**\n * Select whether to target all devices or only certain devices.\n **/\n//Syntax to target all devices\n//trigger.targetAllDevices = true;\n\n//Syntax to target specific device categories.\n//var targetDeviceNames = [];\n//targetDeviceNames.push({\"name\" : \"Work Email\"});\n//targetDeviceNames.push({\"name\" : \"Work Phone\"});\n//trigger.targetDeviceNames = targetDeviceNames;\n\n/**\n * Configure response count thresholds for forms that are configured\n * to count responses.\n */\n//trigger.otherResponseCountThreshold = 4;\n//recipients.push({'id': 'Oracle Administrators', 'recipientType' : 'GROUP', 'responseCountThreshold' : 2});\n\n\n/**\n * Trigger the event\n * Use form.post(trigger) to initiate the event.\n */\nform.post(trigger);\n\n/******************************************************************************\n * This example shows how to trigger an inbound integration that populates a\n * form with sample values passed into the request, and then initiates an event.\n *\n * To run this example, add the listed properties to your form, uncomment the\n * code, and then run the provided cURL command in a command prompt. (Replace\n * 'username' with your user name, replace the sample users with users in your\n * system, and replace the provided URL with the inbound integration URL for\n * this integration.)\n *\n * Form properties:\n * - System (Text)\n * - Customers Affected (Number)\n * - Location (Hierarchy - including the selection USA, California, Los Angeles)\n * - Production System (Boolean)\n * - Subsystems (List - including values 'mr3b' and 'mr3c')\n *\n * CURL command:\n * curl -H \"Content-Type: application/json\" -- user username -X POST -d\n * '{\n * \t \"users\" :\n *    [\n *      {\"userId\" : \"mmcbride\"},\n *      {\"userId\" : \"poravets\"},\n *      {\"userId\" : \"dwashington\"}\n *    ],\n *   \"priority\" : \"MODERATE\",\n *   \"system\" : \"Oracle Database\",\n *   \"customersAffected\" :468,\n *   \"country\" : \"USA\",\n *   \"state\" : \"California\",\n *   \"city\" : \"Los Angeles\",\n *   \"isProductionSystem\" : true,\n *   \"subsystem1\" : \"mr3b\",\n *   \"subsystem2\" : \"mr3c\"\n * }' \"https://acmeco.xmatters.com/api/integrations/1/functions/2de...fe6/triggers\"\n *\n ******************************************************************************/\n\n/** Parse the JSON object in the request body and extract the payload data **/\n//var payload = JSON.parse(request.body);\n\n/** Extract users from the payload and build a list of recipients. **/\n//var recipients = [];\n//for (var i in payload.users)\n//{\n//    var userId = payload.users[i].userId;\n//    recipients.push({'id': userId});\n//}\n\n/** Set the form recipients **/\n//trigger.recipients = recipients;\n\n/** Set the form properties with information extracted from the payload **/\n//trigger.properties.System = payload.system;\n//trigger.properties['Customers Affected'] = payload.customersAffected;\n//trigger.properties.Location = [payload.country, payload.state, payload.city];\n//trigger.properties['Production System'] = payload.isProductionSystem;\n//trigger.properties.Subsystems = [payload.subsystem1, payload.subsystem2];\n\n/** Set the form priority **/\n//switch (payload.priority){\n//  case 'SEVERE':\n//    trigger.priority = 'HIGH';\n//    break;\n//  case 'MODERATE':\n//    trigger.priority = 'MEDIUM';\n//    break;\n//  case 'MINOR':\n//    trigger.priority = 'LOW';\n//    break;\n//}\n\n/** Configure response counts for forms that count responses **/\n\n\n/** Initiate the event*/\n//form.post(trigger);\n\n/******************************************************************************\n * General script usage\n *\n * This section shows some general information about working with\n * Integration Builder scripts. If you need these behaviors, place\n * them in your script in an appropriate location to support your logic.\n ******************************************************************************/\n\n/**\n * Shared Libraries\n * Shared libraries allow you to store commonly-used code snippets in a single\n * location and share them among Integration Builder scripts. To access a shared\n * library, use the require() function to load the library into a variable and then\n * call the functions stored within it. This example shows how to access the function\n * named 'myFunction' from the shared library named 'mySharedLibrary'.\n */\n//var mySharedLibrary = require('My Shared Library');\n//var message = mySharedLibrary.myFunction();\n\n/**\n * Constants\n * Constants allow you to define a value using the xMatters user interface and\n * then use it in multiple scripts. This example shows how to access user-defined\n * constants named 'APIKey' and 'Application Host'.\n */\n//var department = constants.APIKey;\n//var address = constants['Application Host'];\n\n/**\n * Logging\n * To write messages to the Activity Stream, use console.log().\n */\n//console.log('Finished running an Integration Builder script.');",
      "environment": "HOSTED"
    },
    {
      "id": "bfc2a083-5ef2-477e-9b76-d196da63118e",
      "name": "Response updates - Engage in Incident",
      "action": "RUN_SCRIPT",
      "type": "OUTBOUND_WEBHOOK",
      "triggeredBy": "RESPONSE",
      "deployed": true,
      "form": "aefada1c-67c9-4008-b9e6-cbbd76fa8d8b",
      "script": "// Capture callbacks\r\nvar callback = JSON.parse(request.body);\r\n\r\n// Convert list of event properties to an eventProperties object\r\nif (callback.eventProperties.constructor === Array) {\r\n        var eventProperties = callback.eventProperties;\r\n        callback.eventProperties = {};\r\n\r\n        for (var i = 0; i < eventProperties.length; i++) {\r\n            var eventProperty = eventProperties[i];\r\n            var key = Object.keys(eventProperty)[0];\r\n            callback.eventProperties[key] = eventProperty[key];\r\n        }\r\n\r\n    }\r\n\r\n// var slackWebHookURL = callback.eventProperties.response_url;\r\n// if (slackWebHookURL === null) {\r\n//     console.log(\"Make sure property response_url is included in callbacks\");\r\n//     return;\r\n// }\r\n// var slackPath  = slackWebHookURL.substring(slackWebHookURL.indexOf(\".com\") + 4);\r\n\r\nvar payload = {};\r\n\r\n// payload.channel = '#' + callback.eventProperties.channel_name;\r\npayload.text    = 'xM Event \"' + callback.eventIdentifier + '\": ' + \r\n      '@' + callback.recipient + ' responded with \"' + \r\n      callback.response + '\"' + ' on device \"'+ callback.device + '\"' +\r\n      (callback.annotation===\"null\" || callback.annotation===null ? '' : (\". \" + callback.annotation) );\r\n\r\nvar req = http.request({\r\n    method: 'POST',\r\n    endpoint:'MSTeams',\r\n    path: \"/api/response\", \r\n    headers: {\r\n        'Content-Type': 'application/json',\r\n    }\r\n});\r\n\r\nreq.write(payload);",
      "environment": "HOSTED"
    },
    {
      "id": "0ad21441-1196-443f-8ee3-4f375dc74380",
      "name": "Response updates - Invite to Channel",
      "action": "RUN_SCRIPT",
      "type": "OUTBOUND_WEBHOOK",
      "triggeredBy": "RESPONSE",
      "deployed": true,
      "form": "71aa1a6b-9803-41ad-933b-4fe616b71a9d",
      "script": "// Capture callbacks\r\nvar callback = JSON.parse(request.body);\r\n\r\n// Convert list of event properties to an eventProperties object\r\nif (callback.eventProperties.constructor === Array) {\r\n        var eventProperties = callback.eventProperties;\r\n        callback.eventProperties = {};\r\n\r\n        for (var i = 0; i < eventProperties.length; i++) {\r\n            var eventProperty = eventProperties[i];\r\n            var key = Object.keys(eventProperty)[0];\r\n            callback.eventProperties[key] = eventProperty[key];\r\n        }\r\n\r\n    }\r\n\r\n// var slackWebHookURL = callback.eventProperties.response_url;\r\n// if (slackWebHookURL === null) {\r\n//     console.log(\"Make sure property response_url is included in callbacks\");\r\n//     return;\r\n// }\r\n// var slackPath  = slackWebHookURL.substring(slackWebHookURL.indexOf(\".com\") + 4);\r\n\r\nvar payload = {};\r\n\r\n// payload.channel = '#' + callback.eventProperties.channel_name;\r\npayload.text    = 'xM Event \"' + callback.eventIdentifier + '\": ' + \r\n      '@' + callback.recipient + ' responded with \"' + \r\n      callback.response + '\"' + ' on device \"'+ callback.device + '\"' +\r\n      (callback.annotation===\"null\" || callback.annotation===null ? '' : (\". \" + callback.annotation) );\r\n\r\nvar req = http.request({\r\n    method: 'POST',\r\n    endpoint:'MSTeams',\r\n    path: \"/api/response\", \r\n    headers: {\r\n        'Content-Type': 'application/json',\r\n    }\r\n});\r\n\r\nreq.write(payload);",
      "environment": "HOSTED"
    },
    {
      "id": "e2186191-29cf-4ae1-a2bb-9ab63a4453eb",
      "name": "Response updates - Invite to Conference",
      "action": "RUN_SCRIPT",
      "type": "OUTBOUND_WEBHOOK",
      "triggeredBy": "RESPONSE",
      "deployed": true,
      "form": "5434c931-5560-4950-9851-8970831d48ea",
      "script": "// Capture callbacks\r\nvar callback = JSON.parse(request.body);\r\n\r\n// Convert list of event properties to an eventProperties object\r\nif (callback.eventProperties.constructor === Array) {\r\n        var eventProperties = callback.eventProperties;\r\n        callback.eventProperties = {};\r\n\r\n        for (var i = 0; i < eventProperties.length; i++) {\r\n            var eventProperty = eventProperties[i];\r\n            var key = Object.keys(eventProperty)[0];\r\n            callback.eventProperties[key] = eventProperty[key];\r\n        }\r\n\r\n    }\r\n\r\nvar slackWebHookURL = callback.eventProperties.response_url;\r\nif (slackWebHookURL === null) {\r\n    console.log(\"Make sure property response_url is included in callbacks\");\r\n    return;\r\n}\r\nvar slackPath  = slackWebHookURL.substring(slackWebHookURL.indexOf(\".com\") + 4);\r\n\r\nvar payload = {};\r\n\r\npayload.channel = '#' + callback.eventProperties.channel_name;\r\npayload.text    = 'xM Event \"' + callback.eventIdentifier + '\": ' + \r\n      '@' + callback.recipient + ' responded with \"' + \r\n      callback.response + '\"' + \r\n      (callback.annotation===\"null\" || callback.annotation===null ? '' : (\". \" + callback.annotation) );\r\n\r\nvar req = http.request({\r\n    method: 'POST',\r\n    endpoint:'Slack',\r\n    path: slackPath, \r\n    headers: {\r\n        'Content-Type': 'application/json',\r\n    }\r\n});\r\n\r\nreq.write(payload);",
      "environment": "HOSTED"
    },
    {
      "id": "0d085f42-20d1-46ee-bd7e-92e0e3a195f3",
      "name": "/xmcreatestatus, /xmupdatestatus - Create Status Page",
      "action": "RUN_SCRIPT",
      "type": "INBOUND_WEBHOOK",
      "deployed": true,
      "script": "// var Slack=require('Slack')\nvar StatusPage=require('StatusPage')\nvar SNOW=require('SNOW');\nvar sys_id=\"001\";\n\n\n\n// data = JSON.parse( '{\"' + request.body.replace( /&/g, '\", \"' ).replace( /=/g, '\": \"' ) + '\"}' );\ndata = JSON.parse( request.body);\n\n// The text is coming over with +s instead of spaces, so we replace those\n// data.text = decodeURI( data.text ).replace( /\\+/g, ' ' );\n\n// console.log('data: ' +data.text);\n\n// console.log('command: \"' + data.command+'\"')\n\nif( data.command.indexOf('xmcreatestatus')>0 ) {\n    var statusPageData = StatusPage.createStatusPageIncident( data.channel_name, \"A new issue has been detected: \" + data.text);\n    \n    console.log( 'StatusPage data: ' + JSON.stringify( statusPageData ) );\n\n    // chatData = Slack.getRoomHistory(data.channel_name );\n      \n    \n    // var garbage = JSON.stringify( chatData );\n    // var match = garbage.match( /sys_id=([\\d\\w]*)/ );\n    // var sys_id = match[1];\n    var msg = 'StatusPage.io Incident Created: [code]<a target=\"_blank\" href=\"' + statusPageData.shortlink + '\">' + statusPageData.name + '</a>[/code]';\n    var payload = {\n        \"work_notes\": msg\n    };\n    SNOW.updateIncident( payload, sys_id );\n    // msg= 'StatusPage.io incident created: <' + statusPageData.shortlink +'|' + statusPageData.name +'>';\n    \n     msg= \"StatusPage.io incident created: [\"+statusPageData.name+\"](\"+statusPageData.shortlink+\")\";\n    \n    \n payload = { \n    //   \"channel\": \"#\" + data.channel_name, \n    //   \"username\": \"xmatters\",\n      \"icon_url\": \"https://www.xmatters.com/wp-content/uploads/2016/12/xmatters-x-logo.png\", \n      \"text\": msg\n    };\n\n    // Slack.postMessage( payload );\n    \n    var req = http.request({\n        method: 'POST',\n        endpoint:'MSTeams',\n        path: \"/api/response\", \n        headers: {\n            'Content-Type': 'application/json',\n        }\n    });\n\nreq.write(payload);\n}\n\n\nelse if(data.command.indexOf('xmupdatestatus')>0){\n    var statusPageData =StatusPage.updateStatusPageIncident( data.channel_name, \"update\", data.text );\n    // chatData = Slack.getRoomHistory(data.channel_name );\n      \n    \n    // var garbage = JSON.stringify( chatData );\n    // var match = garbage.match( /sys_id=([\\d\\w]*)/ );\n    // var sys_id = match[1];\n    var msg = 'StatusPage.io Incident Updated: [code]<a target=\"_blank\" href=\"' + statusPageData.shortlink + '\">' + statusPageData.name + '</a>[/code]: ' +data.text;\n    \n   \n    \n    var payload = {\n        \"work_notes\": msg\n    };\n    SNOW.updateIncident( payload, sys_id );\n//   msg= 'Successfully updated StatusPage with:'+ ' \\\"' + data.text + '\\\"';\n   var msg= \"Successfully updated: [\"+statusPageData.name+\"](\"+statusPageData.shortlink+\") with \\\"\"+data.text+\"\\\"\";\n  var payload = { \n        // \"channel\": \"#\" + data.channel_name, \n        // \"username\": \"xmatters\",\n        \"icon_url\": \"https://www.xmatters.com/wp-content/uploads/2016/12/xmatters-x-logo.png\", \n        \"text\": msg\n      };\n\n    var req = http.request({\n        method: 'POST',\n        endpoint:'MSTeams',\n        path: \"/api/response\", \n        headers: {\n            'Content-Type': 'application/json',\n        }\n    });\n    \n    req.write(payload);\n}\n\n\n",
      "environment": "HOSTED"
    },
    {
      "id": "8a347908-ceb4-4a79-a12b-5a34a476823d",
      "name": "/xmengage (Groups)",
      "action": "CREATE_EVENT",
      "type": "INBOUND_WEBHOOK",
      "deployed": true,
      "form": "71aa1a6b-9803-41ad-933b-4fe616b71a9d",
      "script": "// Capture incoming webhook properties from the request parameters\ntrigger.properties = request.parameters;\n\n// Identify requested recipients\nvar targets = request.parameters.text.split(',');\n\nvar unknown = [];\ntrigger.recipients = [];\n\n// Verify recipients exist\nfor (var i = 0; i < targets.length; i++) {\n\n    // Prepare the HTTP request\n    var req = http.request({\n        'endpoint': 'xMatters',\n        'method': 'GET',\n        'path': 'api/xm/1/groups/' + targets[i]\n    });\n\n    // Send the request \n    var response = req.write();\n\n    // Determine if the requested targets exist in xMatters or are unknown\n\n    if (response.statusCode === 200) {\n        trigger.recipients.push({\"targetName\": targets[i]});\n    }\n    else if (response.statusCode === 404) {\n        unknown.push(targets[i]);\n    }\n\n}\n\n// Create xMatters event\nform.post(trigger);\n\n// Post to Slack if any targeted recipients are unknown\n// if (unknown.length > 0) {\n\n//   var slackWebHookURL = request.parameters.response_url;\n//   var slackPath = slackWebHookURL.substring(slackWebHookURL.indexOf(\".com\") + 4);\n//   var payload = {};\n  \n//   payload.channel = '#' + request.parameters.channel_name;\n//   payload.text = 'These groups do not exist in xMatters and cannot be notified: ' + unknown;\n  \n//   var postData = 'payload=' + encodeURI(JSON.stringify(payload));\n  \n//   var req = http.request({\n//       method: 'POST',\n//       endpoint: 'Slack',\n//       path: slackPath,\n//       headers: {\n//           'Content-Type': 'application/json',\n//       }\n//   });\n  \n//   req.write(payload);\n// }",
      "environment": "HOSTED"
    },
    {
      "id": "b76e0ca2-4100-44e0-a124-1c347ba5c9e6",
      "name": "/xmoncall (Group)",
      "action": "RUN_SCRIPT",
      "type": "INBOUND_WEBHOOK",
      "deployed": true,
      "script": "// Slack inbound\n\nvar moment = require('moment');\nrequire( 'moment-timezone' );\n\n// Set up the xMatters endpoint for creating the event\n// The credentials for authenticating to xM will be stored\n// in the endpoint.\n\n// Replace the &s with \",\", then the =s with \": \" and throw in some {}s, and it's JSON. \n //data = JSON.parse( '{\"' + request.body.replace( /&/g, '\", \"' ).replace( /=/g, '\": \"' ) + '\"}' );\n\n// console.log(JSON.stringify(request,null,2));\n\n\ndata = JSON.parse(request.body);\n\n// The text is coming over with +s instead of spaces, so we replace those\n //data.text = decodeURI( data.text ).replace( /\\+/g, ' ' );\n\nconsole.log( \"DATA: \" + JSON.stringify( data ) );\nconsole.log( \"Text: \" + data.text );\n\n/*\n// If there is no match, we can't correctly\n// parse the recipients and the message...\n// So we'll post it back to Slack.\nif( match === null ) {\n    var msg = 'Error sending event: Could not parse \"' + data.text + '\". Expected: \"/xm_oncall \"';\n    \n    sendToSlack( data.user_name, msg );\n    console.log( msg );\n    return;\n}\n*/\n\ngroupNames = data.text.split(\",\");\n\ngroupNames.forEach(function(groupName){\n    var getOnCall = http.request({\n    'endpoint': 'xMatters',\n    'method': 'GET',\n    'path': '/api/xm/1/groups/' + groupName + '/calendar'\n});\n\n// Submit the request and capture the response\nvar response = getOnCall.write();\nif( response.statusCode != 200 ) {\n    console.log( \"Error getting calendar for '\" + groupName + '\"' );\n    sendToMsteams( data.user_name, \"Could not get calendar data for '\" + groupName + \"'\" );\n    return;\n}\n\nvar calendarData = JSON.parse( response.body );\nvar msg = buildMsg( calendarData, groupName );\n// console.log( 'response_url: ' + data.response_url );\n\nconsole.log(JSON.stringify(calendarData, null, 2));\n\n// var path = data.response_url.substr( data.response_url.indexOf( \".com\" ) + 4 );\n\n// console.log( 'Path: ' + path );\n// console.log( 'Path2: ' + decodeURI( path ) );\n// console.log( 'Path3: ' + decodeURIComponent( path ) );\n\nsendToMsteams( data.user_name, msg, \"/api/response\" );\n})\n\n\n/*\n * buildMsg - Build the message to send to MS Teams\n *\n *  calendarData - The result of a GET to /groups/GROUPNAME/calendar\n *  groupName    - The name of the group we got the schedule for\n *\n */\nfunction buildMsg( calendarData, groupName ) {\n    \n    var data = calendarData.data;\n\tvar msg = 'On call schedule for ' + groupName + '\\n\\n';\n\tvar getShift;\n\t\n\t// Loop through each item in data and\n\t// retrieve the rest of the details from\n\t// the shift.\n\tfor( var d in data ) {\n\t\n\t    getShift = http.request({\n\t    \t'endpoint': 'xMatters',\n\t    \t'method': 'GET',\n\t    \t'path': data[d].shift.links.self\n\t    });\n\t\n\t    shiftResponse = getShift.write();\n\t    shift = JSON.parse( shiftResponse.body );\n\t    \n\t    var start = moment( data[d].start ).format( 'MMM D hh:mm a z' );\n\t    var end   = moment( data[d].end   ).format( 'MMM D hh:mm a z' );\n\t    \n\t    //\n\t   // var start = moment( data[d].start );\n\t   // var end   = moment( data[d].end   );\n\t    \n\t\tmsg += '  Shift ' + shift.name + '. Start ' + start + '. End: ' + end + '\\n';\n// \t\tmsg += '  Shift ' + shift.name;\n// \t\tmsg += '. Start ' + '<!date^' + start.unix() +'^{date_num} {time_secs}|' + start.tz('America/Los_Angeles').format( 'MMM D hh:mm a z' ) + ' Pacific>';\n// \t\tmsg += '. End '   + '<!date^' + end.unix()   +'^{date_num} {time_secs}|' + end.tz('America/Los_Angeles').format( 'MMM D hh:mm a z' )   + ' Pacific>';\n\t\tmsg += '\\n';\n\t\tmsg += '    Members: \\n';\n\t\n\t\tmembers = data[d].members.data;\n\t\tfor( var m in members ) {\n\t\t\tmsg += '      ' + members[m].position + ':' + \n\t\t\t   members[m].member.firstName + ' ' + members[m].member.lastName + ' (' + members[m].member.targetName + ') delay: ' + members[m].delay + '\\n';\n\t\t}\n\t\n\t    console.log( 'MSG: ' + msg );\n\t}\n\treturn msg;\n\t\n}\n\n/*/\n * sendToSlack - Post a message to the user.\n *\n asdfjlasjdf\n *   message - The text of the message to send to the user\n */\nfunction sendToMsteams( user, message, path ){\n\t\n\n  var req = http.request({\n  \t\"endpoint\": \"MSTeams\",\n  \t\"path\": path,\n  \t\"method\": \"POST\",\n  \t\"headers\": {\n  \t    \"Content-Type\": \"application/x-www-form-urlencoded\"\n  \t}\n  });\n\n  var payload = { \n    \"icon_url\": \"https://support.xmatters.com/hc/en-us/article_attachments/203171869/icon.png\", \n    \"text\": message \n  };\n\n//   var temp = req.write( 'payload=' + JSON.stringify( payload ) );\n  var temp = req.write(payload);\n\n\n}",
      "environment": "HOSTED"
    },
    {
      "id": "4f6cd29e-9d65-4cc5-af97-701a7960ed64",
      "name": "/xmresolve (Will resolve everything)",
      "action": "RUN_SCRIPT",
      "type": "INBOUND_WEBHOOK",
      "deployed": true,
      "script": "\nvar SNOW       = require( 'SNOW' );\nvar StatusPage = require( 'StatusPage' );\nvar moment     = require( 'moment' );\nvar Slack = require( 'Slack' );\nrequire( 'moment-timezone' );\n\ndata = JSON.parse( '{\"' + request.body.replace( /&/g, '\", \"' ).replace( /=/g, '\": \"' ) + '\"}' );\n\n// The text is coming over with +s instead of spaces, so we replace those\ndata.text = decodeURI( data.text ).replace( /\\+/g, ' ' );\n\nconsole.log( \"DATA: \" + JSON.stringify( data ) );\n\n//var callback = JSON.parse(request.body);\nconsole.log('Executing outbound integration for xMatters event ID: ' );\nvar channel_name = data.channel_name;\nconsole.log(\"Channel Name: \" + channel_name.toUpperCase());\n\n    StatusPage.updateStatusPageIncident( channel_name, \"resolve\" );\n\n    var chatText = null;\n    \n    \n        \n        console.log( 'chatData is null. Getting Slack chatData' );\n        chatData = Slack.getRoomHistory(channel_name );\n       chatText = buildSlackText( chatData, channel_name );\n    \n    var garbage = JSON.stringify( chatData );\n    var match = garbage.match( /sys_id=([\\d\\w]*)/ );\n    var sys_id = match[1];\n    console.log( '#########Match: ' + match );\n    console.log( '#######sys_id: ' + sys_id );\n    \n    \n    if( chatText === null ) {\n        \n       console.log( 'No HipChat room or Slack channel called \"' + channel_name + '\" found. Finishing.' );\n        return;\n    }\n        \n    console.log( 'WORK NOTES: ' + chatText );\n   \n    var payload = {\n        \"work_notes\": chatText,\n        \"state\" : 6\n    };\n    SNOW.updateIncident( payload, sys_id );\n\nvar msg= 'Resolved Successfully :tada: :tada: :tada: :tada:';\n  var payload = { \n        \"channel\": \"#\" + data.channel_name, \n        \"username\": \"xmatters\",\n        \"icon_url\": \"https://www.xmatters.com/wp-content/uploads/2016/12/xmatters-x-logo.png\", \n        \"text\": msg\n      };\n\n    Slack.postMessage( payload );\n\n\n\nfunction buildSlackText( data, room ) {\n    \n    if( !data )\n\t\treturn \"No Slack Text Found.\";\n\t\n\tvar team = Slack.getTeam();\n    var slack_url = 'https://' + team.name + '.slack.com/messages/#' + room\n    \n    var text = '';\n    text += '<h4> Slack Channel Transcript:</h4><br/>';\n    text += '<a href=\"' + slack_url + '\" target=\"_blank\">Slack Channel ' + room + '</a><br/>';\n\n\n    console.log( 'SlackText: ' + data );\n    \n    // Sort on the ts field\n\tdata.sort(function(a, b) {\n\t    return parseFloat(a.ts) - parseFloat(b.ts);\n\t});\n\t\n\t\n\tvar userMap = {};\n\t\n\t\n\tvar textArr = data.map( function( item ) {\n\t\t\n\t\tvar date = moment( item.ts * 1000 ).tz('America/Los_Angeles').format( 'MMM D hh:mm a z' );\n\t\n\t\tvar str = '';\n\t\tstr += '' + date + ' ';\n\t\n\t\t// Slack reports the ID of the users in the messages,\n\t\t// and not the username. Instead of trying to make HTTP\n\t\t// calls for each message to get the username, we'll \n\t\t// store it and reference.\n\t\tif( item.subtype && item.subtype == 'channel_join' ) {\n\t\t\ttemp = item.text.split( /<@(.*)\\|(.*)>/ );\n\t\t\tuserMap[ temp[1] ] = temp[2];\n\t\t\tconsole.log( 'Added User: ' + temp[2] + '. userMap: ' + JSON.stringify( userMap ) );\n\t\t}\n\t\t\n\t\tif( !item.user ) {\n\t\t    userMap[ \"undefined\" ] = \"\";\n\t\t}\n\t\t// If they aren't in the map for some reason,\n\t\t// go get them. \n\t\telse if( !userMap[ item.user ] ) {\n\t\t    var userinfo = Slack.getUserInfo( item.user );\n\t\t    userMap[ item.user ] = userinfo.name;\n\t\t}\n\t\n\t\tstr += '<b><i>' + ( userMap[ item.user ] || item.user ) + '</i></b>';\n\t\tstr += ': ' + item.text;\n\t\n\t\treturn str;\n\t\n\t});\n\t\n\tconsole.log( 'Text: ' + textArr.join( \"\\n\" ) );\n\treturn '[code]' + text + textArr.join( \"<br/>\" ) + '[/code]';\n    \n}\n",
      "environment": "HOSTED"
    },
    {
      "id": "dd893719-2235-4445-ad1a-9546ec11fd78",
      "name": "/xmsnowcomment",
      "action": "RUN_SCRIPT",
      "type": "INBOUND_WEBHOOK",
      "deployed": true,
      "script": "var SNOW       = require( 'SNOW' );\nvar StatusPage = require( 'StatusPage' );\nvar moment     = require( 'moment' );\nvar Slack = require( 'Slack' );\nrequire( 'moment-timezone' );\n\ndata = JSON.parse( '{\"' + request.body.replace( /&/g, '\", \"' ).replace( /=/g, '\": \"' ) + '\"}' );\n\n// The text is coming over with +s instead of spaces, so we replace those\ndata.text = decodeURIComponent( data.text ).replace( /\\+/g, ' ' );\n\nif (!data.text || data.text===''){\n    console.log( 'no text passed');\n    return;\n}\n\nchatData = Slack.getRoomHistory(data.channel_name );\n      \n\nvar garbage = JSON.stringify( chatData );\nvar match = garbage.match( /sys_id=([\\d\\w]*)/ );\nvar sys_id = match[1];\n\nvar payload = {\n \"work_notes\": data.text\n};\nSNOW.updateIncident( payload, sys_id );\n\n    \n    \nvar msg= 'Successfully commented SNOW! :+1:';\nvar payload = { \n      \"channel\": \"#\" + data.channel_name, \n      \"username\": \"xmatters\",\n      \"icon_url\": \"https://www.xmatters.com/wp-content/uploads/2016/12/xmatters-x-logo.png\", \n      \"text\": msg\n    };\n\nSlack.postMessage( payload );\n\n",
      "environment": "HOSTED"
    }
  ],
  "endpoints": [
    {
      "name": "MSTeams",
      "baseUrl": "https://msteamsbot-dot-octo-159506.appspot.com",
      "type": "EXTERNAL",
      "authentication": "NO_AUTH"
    },
    {
      "name": "ServiceNow",
      "baseUrl": "https://storeappdemo00033.service-now.com",
      "type": "EXTERNAL",
      "authentication": "NO_AUTH"
    },
    {
      "name": "Slack",
      "baseUrl": "https://hooks.slack.com",
      "type": "EXTERNAL",
      "authentication": "NO_AUTH"
    },
    {
      "name": "StatusPage",
      "baseUrl": "https://api.statuspage.io/v1/pages/cqyyjqjw5zr1",
      "type": "EXTERNAL",
      "authentication": "NO_AUTH"
    }
  ],
  "constants": [
    {
      "name": "MSTeams path",
      "value": "/api/response",
      "description": "path to post responses"
    },
    {
      "name": "ServiceNow xMatters Application Prefix",
      "value": "x_xma_xmatters",
      "description": "The prefix applied to all pieces of the xMatters Application within ServiceNow"
    },
    {
      "name": "Slack Token",
      "value": "xoxp-74521332817-74554969751-74497869347-6797798c23",
      "description": ""
    },
    {
      "name": "Slack Webhook",
      "value": "/services/T26FB9SQ1/B3XSC2EJD/S0NNFkH1fxJPOQk9FMUQweSo",
      "description": ""
    },
    {
      "name": "Status Page Token",
      "value": "878fc8c4-3de9-40d2-b7a7-7a367c4317c2",
      "description": "Token for authentication for Status Page"
    }
  ]
}